{
  "project_info": {
    "project_number": "693994135203",
    "project_id": "loginfirebase-79ce9",
    "storage_bucket": "loginfirebase-79ce9.appspot.com"
  },
  "client": [
    {
      "client_info": {
        "mobilesdk_app_id": "1:693994135203:android:aa90c7098c9abd2198e916",
        "android_client_info": {
          "package_name": "com.example.loginfirebase"
        }
      },
      "oauth_client": [
        {
          "client_id": "693994135203-uu5pdd40ua6051v1ibhejg5g8mg2gng5.apps.googleusercontent.com",
          "client_type": 3
        }
      ],
      "api_key": [
        {
          "current_key": "AIzaSyDSxZJg6gAAJNbVYUQ3syFhGkSd5Eq_GyA"
        }
      ],
      "services": {
        "appinvite_service": {
          "other_platform_oauth_client": [
            {
              "client_id": "693994135203-uu5pdd40ua6051v1ibhejg5g8mg2gng5.apps.googleusercontent.com",
              "client_type": 3
            }
          ]
        }
      }
    }
  ],
  "configuration_version": "1"
}